DIABETES,0,1,All
0,0.23941313771257086,0.4756585528509503,0.7150716905635212
1,0.10420140046682227,0.18072690896965654,0.28492830943647884
All,0.34361453817939314,0.6563854618206069,1.0
